model_name,accuracy,precision_weighted,recall_weighted,f1_weighted,f1_macro,roc_auc,ordinal_mae,severe_error_rate,within_1_accuracy,error
gradient_boosting,0.859375,0.8393442543262687,0.859375,0.8473141381740614,0.5512500658775651,0.8292661425983436,0.14375,0.003125,0.996875,
random_forest,0.865625,0.8254866641385412,0.865625,0.8387753811919995,0.4953936666076652,0.8483196066840767,0.134375,0.0,1.0,
ridge,0.8375,0.7936411149825784,0.8375,0.8129245527612132,0.45832449462213526,,0.165625,0.003125,0.996875,
ada_boost,0.803125,0.8178281578695735,0.803125,0.8071071077225774,0.5188774115975296,0.6599863027597402,0.196875,0.0,1.0,
decision_tree,0.7875,0.7977042728635682,0.7875,0.7908792240300375,0.4666059847536694,0.6792301900997553,0.215625,0.003125,0.996875,
knn,0.803125,0.7314999999999999,0.803125,0.7600897606382979,0.3591903073286052,0.5746618700592886,0.2,0.003125,0.996875,
naive_bayes,0.546875,0.8246508697459927,0.546875,0.6062424811958842,0.4202828859912442,0.7873778791407867,0.465625,0.0125,0.9875,
logistic_regression,0.54375,0.8179697297208104,0.54375,0.6036189537849881,0.43095319186400777,0.7743097708450968,0.459375,0.003125,0.996875,
svm,0.45625,0.7874076354679803,0.45625,0.5080263157894737,0.29298245614035084,0.6679142698334275,0.56875,0.025,0.975,
